{"cameraMode":{"drawMode":0,"name":"Shaded","section":"Shading Mode"},"sceneLighting":true,"audioPlay":false,"sceneViewState":{"showFog":true,"showMaterialUpdate":false,"showSkybox":true,"showFlares":true,"showImageEffects":true,"showParticleSystems":true},"in2DMode":false,"pivot":{"x":0.32126474380493166,"y":-0.12804508209228517,"z":-0.1967453956604004},"rotation":{"x":-0.09222656488418579,"y":0.9020130634307861,"z":-0.23977097868919373,"w":-0.3469543159008026},"size":9.046600341796875,"orthographic":false}