{"cameraMode":{"drawMode":0,"name":"Shaded","section":"Shading Mode"},"sceneLighting":false,"audioPlay":false,"sceneViewState":{"showFog":true,"showMaterialUpdate":false,"showSkybox":false,"showFlares":true,"showImageEffects":true,"showParticleSystems":true},"in2DMode":false,"pivot":{"x":1.510848045349121,"y":1.0,"z":2.159674644470215},"rotation":{"x":0.24611756205558778,"y":0.38485509157180788,"z":-0.10726126283407211,"w":0.8830695152282715},"size":2.8578836917877199,"orthographic":false}