{"cameraMode":{"drawMode":0,"name":"Shaded","section":"Shading Mode"},"sceneLighting":false,"audioPlay":false,"sceneViewState":{"showFog":true,"showMaterialUpdate":false,"showSkybox":false,"showFlares":true,"showImageEffects":true,"showParticleSystems":true},"in2DMode":false,"pivot":{"x":7.159999847412109,"y":0.8999999761581421,"z":2.6500000953674318},"rotation":{"x":0.24611756205558778,"y":0.38485509157180788,"z":-0.10726126283407211,"w":0.8830695152282715},"size":2.6809327602386476,"orthographic":false}